{"cameraMode":{"drawMode":0,"name":"Shaded","section":"Shading Mode"},"sceneLighting":true,"audioPlay":false,"sceneViewState":{"m_AlwaysRefresh":false,"showFog":true,"showSkybox":true,"showFlares":true,"showImageEffects":true,"showParticleSystems":true,"showVisualEffectGraphs":true,"m_FxEnabled":true},"in2DMode":false,"pivot":{"x":15.832109451293946,"y":18.762897491455079,"z":12.207759857177735},"rotation":{"x":-0.02863071672618389,"y":0.9697108268737793,"z":-0.19789232313632966,"w":-0.14031432569026948},"size":38.576087951660159,"orthographic":true}