{"cameraMode":{"drawMode":0,"name":"Shaded","section":"Shading Mode"},"sceneLighting":false,"audioPlay":false,"sceneViewState":{"m_AlwaysRefresh":false,"showFog":true,"showSkybox":true,"showFlares":true,"showImageEffects":true,"showParticleSystems":true,"showVisualEffectGraphs":true,"m_FxEnabled":true},"in2DMode":false,"pivot":{"x":-0.039999961853027347,"y":4.090000152587891,"z":-7.010000228881836},"rotation":{"x":0.037595536559820178,"y":0.930067777633667,"z":-0.0994284451007843,"w":0.3516739010810852},"size":3.5712690353393556,"orthographic":false}