{"cameraMode":{"drawMode":0,"name":"Shaded","section":"Shading Mode"},"sceneLighting":false,"audioPlay":false,"sceneViewState":{"m_AlwaysRefresh":false,"showFog":true,"showSkybox":true,"showFlares":true,"showImageEffects":true,"showParticleSystems":true,"showVisualEffectGraphs":true,"m_FxEnabled":true},"in2DMode":false,"pivot":{"x":64.04379272460938,"y":14.665027618408204,"z":43.11982727050781},"rotation":{"x":0.005890812259167433,"y":-0.19199198484420777,"z":-0.0011501532280817628,"w":-0.9813858270645142},"size":26.845352172851564,"orthographic":false}