{"cameraMode":{"drawMode":0,"name":"Shaded","section":"Shading Mode"},"sceneLighting":true,"audioPlay":false,"sceneViewState":{"m_AlwaysRefresh":false,"showFog":true,"showSkybox":true,"showFlares":true,"showImageEffects":true,"showParticleSystems":true,"showVisualEffectGraphs":true,"m_FxEnabled":true},"in2DMode":false,"pivot":{"x":-1.1435928344726563,"y":0.5884521007537842,"z":1.497750997543335},"rotation":{"x":0.006410015746951103,"y":0.9756234288215637,"z":-0.028698451817035676,"w":0.21773308515548707},"size":2.405447006225586,"orthographic":true}