{"cameraMode":{"drawMode":0,"name":"Shaded","section":"Shading Mode"},"sceneLighting":false,"audioPlay":false,"sceneViewState":{"m_AlwaysRefresh":false,"showFog":true,"showSkybox":true,"showFlares":true,"showImageEffects":true,"showParticleSystems":true,"showVisualEffectGraphs":true,"m_FxEnabled":true},"in2DMode":false,"pivot":{"x":-0.7342965006828308,"y":9.384995460510254,"z":-19.047622680664064},"rotation":{"x":0.025514647364616395,"y":0.7321960926055908,"z":-0.027470024302601816,"w":0.6800629496574402},"size":69.26960754394531,"orthographic":true}