{"cameraMode":{"drawMode":0,"name":"Shaded","section":"Shading Mode"},"sceneLighting":false,"audioPlay":false,"sceneViewState":{"m_AlwaysRefresh":false,"showFog":true,"showSkybox":false,"showFlares":true,"showImageEffects":true,"showParticleSystems":true,"showVisualEffectGraphs":true,"m_FxEnabled":true},"in2DMode":false,"pivot":{"x":0.019999980926513673,"y":0.9258568286895752,"z":0.8181844353675842},"rotation":{"x":0.014534934423863888,"y":0.9603933691978455,"z":0.051036715507507327,"w":-0.2735660970211029},"size":2.136059284210205,"orthographic":false}