{"cameraMode":{"drawMode":0,"name":"Shaded","section":"Shading Mode"},"sceneLighting":true,"audioPlay":false,"sceneViewState":{"m_AlwaysRefresh":false,"showFog":true,"showSkybox":true,"showFlares":true,"showImageEffects":true,"showParticleSystems":true,"showVisualEffectGraphs":true,"m_FxEnabled":true},"in2DMode":false,"pivot":{"x":0.22805403172969819,"y":0.7110702991485596,"z":12.913692474365235},"rotation":{"x":-0.0623672679066658,"y":-0.008685977198183537,"z":0.000542679859790951,"w":-0.9980149269104004},"size":10.5015869140625,"orthographic":false}